Nandini,Jakkam,70789748387,jhsfljlihiLD@gmail.com,klsdjIHLj'gshihrs
Narendra,Jakkam,5638784926,hsduhkdhxzlkjj@gmail.com,uahskuyuiesghyuiwa
Pandu,Nani,5674886346,jhaukgjzsjk@gmail.com,gasgkuygytfyjgh
Nandini,Jakkam,5872582667,ftfyjghjm@gmail.com,fahsglkghl
Narendra,Jakkam,6834279186,agkghuihsiu@gmail.com,uyrushkjdfnjkdjkidfjdl
Nandini,Jakkam,1565986563,sdhjkhdh@gmail.com,gjsgjkbelshlw
Narendra,Jakkam,3547586867,hgkjgAJGKU@gmail.com,agbkjhslJLK
Nandini,Jakkam,7476585967,hsadkjnvkljm;@gmail.com,afhhkjhihiupqiuj
Nandini,Jakkam,6238961877,jhhsgayugoi@gmail.com,yeyagchhguiyhvkkhifo
Nandini,Jakkam,3024646038,sdgiktoiHUOI@gmail.com,isauguhughi
Nandini,Jakkam,4867654355,iudhskuhkvdjk@gmail.com,hjsgdkgkush
Nandini,Jakkam,6346947843,giygosaiug@gmail.com,uisdhuiohuhbusfpogu
Narendra,Jakkam,5620917843,sjkohdws@gmail.com,sagygsuiefhdsilhv
Nandini,Jakkam,2467357567,tighkjuyuy@gmail.com,yikguihphoui
Narendra,Jakkam,647734976,ftydflhuiyuh@gmail.com,tiukftghkhoih;lhjhjh
